Type,Name,Description,Skills
Project,SpaceX Falcon 9 Mission Analytics,Interactive analytics and ML models to predict the success of Falcon 9 first stage landings to optimize launch costs.,"Machine Learning, Supervised Learning, Scikit-learn, Web Scraping, Folium, Dash, Python"
Project,Crisis Management AI Agents with LLM,AI-powered workflow leveraging DeepSeek and LangChain to generate crisis management and legally safe press statements.,"Generative AI, NLP, LLM, LangChain, Streamlit, Python"
Project,Gym Tracker Mobile App,"Full-stack cross-platform mobile app for tracking gym workouts, released on Google Play Store and Apple App Store.","Mobile Development, React Native, Expo, Firebase, Google Cloud, Node.js, Javascript, Typescript, Health & Fitness"
Project,Snake AI: Reinforcement Learning in Action,Teaching an AI agent to play the classic Snake game using Deep Q-Learning (DQN).,"Machine Learning, Reinforcement Learning, Deep Learning, PyTorch, Pygame, Streamlit, Python"
Project,Fruits & Vege Recognition System,"A CNN model for classifying fruits and vegetables from images, deployed with a user-friendly interface.","Machine Learning, Supervised Learning, Deep Learning, CNN, TensorFlow, Keras, Streamlit, Python"
Project,Heart Disease Prediction ML Model,An SVM model designed to predict the likelihood of heart disease by analyzing key health indicators.,"Machine Learning, Supervised Learning, Scikit-learn, Streamlit, Python, Health & Fitness"
Project,Breast Cancer Classification,Predicting whether breast cancer tumors are malignant or benign using a neural network model to improve early detection and diagnosis.,"Machine Learning, Supervised Learning, Deep Learning, TensorFlow, Keras, Streamlit, Python"
Project,IMDB Movie Sentiment Analysis,A deep learning model utilizing Long Short-Term Memory (LSTM) networks to classify movie reviews as positive or negative.,"Machine Learning, Supervised Learning, NLP, Deep Learning, RNN, TensorFlow, Keras, Streamlit, Python"
Project,UK Online Retail Customer Segmentation,Analyzing customer behavior and segmenting customers using RFM analysis and K-means clustering to help businesses make data-driven marketing decisions.,"Machine Learning, Unsupervised Learning, Scikit-learn, Plotly, Streamlit, Python"
Project,Tableau Data Visualizations,A collection of interactive Tableau dashboards for analyzing and visualizing business data across various domains.,"Data Analytics, Business Intelligence, Tableau"
Project,Footballer Facial Recognition,Real-time facial recognition system for identifying footballers using optimized deep learning techniques.,"Machine Learning, Computer Vision, Deep Learning, OpenCV, Python"
Project,Credit Card Customer Attrition Analysis,A Tableau-based capstone project to identify key credit card attrition drivers and improve retention strategies.,"Data Analytics, Data Visualization, Business Intelligence, Tableau"
Project,TP Risk Predictor,"Random Forest ML model for automating transfer pricing risk classification, enhancing compliance for multinational corporations.","Machine Learning, Supervised Learning, Scikit-learn, Python, Finance, Tax"
Project,Boston House Price Prediction,"XGBoost model for predicting house prices in Boston based on key real estate features, deployed with Flask.","Machine Learning, Supervised Learning, Scikit-learn, Flask, Python"
Project,SG Car Price Predictor,XGBoost machine learning model for predicting used car prices in Singapore's unique market.,"Machine Learning, Supervised Learning, Scikit-learn, React, Next.js, Flask, Heroku, Python, Javascript"
Project,Loan Approval Prediction using SVM,"Support Vector Machine (SVM) model for predicting loan approvals based on applicant financial and credit history, deployed with Flask.","Machine Learning, Supervised Learning, Scikit-learn, Flask, Python"
Project,Wine Quality Prediction using Machine Learning,"Random Forest Classifier for predicting wine quality based on physicochemical properties, deployed with Flask.","Machine Learning, Supervised Learning, Scikit-learn, Flask, Python"
Project,Credit Card Fraud Detection using Machine Learning,"Logistic Regression model for detecting fraudulent credit card transactions, implemented in Python.","Machine Learning, Supervised Learning, Scikit-learn, Flask, Python"
Project,Medical Insurance Cost Prediction,"Linear Regression model for predicting medical insurance costs based on demographic and health factors, implemented in Python.","Machine Learning, Supervised Learning, Scikit-learn, Flask, Python"
Project,Retail Sales Prediction using Machine Learning,"XGBoost Regression model for predicting retail sales based on historical data, store attributes, and pricing factors, implemented in Python.","Machine Learning, Supervised Learning, Scikit-learn, Flask, Python"
Project,Spam Email Detection,"Logistic Regression model for classifying emails as Spam or Ham, utilizing NLP techniques and TF-IDF vectorization in Python.","Machine Learning, Supervised Learning, NLP, Scikit-learn, Flask, Python"
Project,Movie Recommendation System using NLP,Content-based movie recommendation system using NLP and Cosine Similarity to suggest movies based on user preferences.,"Machine Learning, Unsupervised Learning, NLP, Python"
Project,Gold Price Prediction using Machine Learning,"Random Forest Regression model for predicting gold prices based on financial indicators, implemented in Python.","Machine Learning, Supervised Learning, Scikit-learn, Flask, Python"
Project,Car Price Prediction using Machine Learning,"Linear and Lasso Regression models for predicting used car prices based on key attributes, deployed with Flask.","Machine Learning, Supervised Learning, Scikit-learn, Flask, Python"
Project,Bengaluru House Prices Prediction,Machine learning-based real estate price prediction model for Bengaluru deployed to a Flask app.,"Machine Learning, Supervised Learning, Scikit-learn, Flask, Python"
Project,Fake News Classifier,Logistic Regression model to detect fake news articles based on content analysis.,"Machine Learning, Supervised Learning, NLP, Logistic Regression, Scikit-learn, NLTK, Python"
Project,Rock vs. Mine Prediction using SONAR Data,"Logistic regression model to distinguish between rocks and naval mines using SONAR data, deployed with Flask.","Machine Learning, Supervised Learning, Scikit-learn, Flask, Python"
Project,Diabetes Prediction using SVM,"Support Vector Machine (SVM) model to predict diabetes based on medical features, deployed with Flask.","Machine Learning, Supervised Learning, Scikit-learn, Flask, Python"
Certifications,IBM Data Science,"Master Data Science with skills in machine learning, AI, data wrangling, and Python to solve real-world problems.","Data Science, Data Analytics, Data Visualization, AI, Machine Learning, SQL, Python"
Certifications,IBM Machine Learning,Learn core Machine Learning techniques and Python to build predictive models and make data-driven decisions.,"Data Science, Machine Learning, Supervised Learning, Unsupervised Learning, Reinforcement Learning, Python"
Certifications,University of Pennsylvania AI for Business,Understand how AI and machine learning drive business innovation and use Python to create AI solutions.,"AI Ethics, Strategy, Marketing, Finance, HR, Governance"
Certifications,"Vertical Institute, WSQ SG Data Science Bootcamp","Comprehensive training in data science, covering machine learning, AI, and Python fundamentals.","Data Science, Machine Learning, AI, Python"
Certifications,"Vertical Institue, IBF Singapore Data Analytics Bootcamp","Learn data analytics skills, including Excel, SQL, Tableau, and data visualization techniques.","Data Analytics, Data Visualization, Excel, SQL, Tableau"
Certifications,Udemy The Complete Javascript Course,"Master JavaScript, ES6+, and Node.js for modern web development.","Javascript, Typescript, Node.js"
Certifications,"Udemy React - The Complete Guide (incl. Next.js, Redux)","Build dynamic apps with React, Next.js, and Redux.","Web Development, Javascript, Typescript, React, Next.js, Node.js"
Certifications,Udemy React Native - The Practical Guide,Create cross-platform mobile apps with React Native.,"Mobile Development, Javascript, Typescript, React Native, iOS, Android"
Certifications,"NASBA, LinkedIn Learning Power BI Essential Training",Learn data visualization with Power BI.,"Power BI, Data Visualization"
Certifications,"NASBA, LinkedIn Learning Tableau Essential Training",Develop data visualization skills with Tableau.,"Tableau, Data Visualization, Business Intelligence"
Certifications,LinkedIn Learning Machine Learning with Scikit-Learn,Develop ML skills with Scikit-Learn.,"AI, Machine Learning, Scikit-Learn"
Certifications,"NASBA, LinkedIn Learning Introducing RPA",Learn Robotic Process Automation fundamentals.,"RPA, Automation"
Certifications,LinkedIn Learning RPA: Automation Anywhere,Understand Automation Anywhere for RPA.,"RPA, Automation Anywhere"
Certifications,LinkedIn Learning Introducing Blue Prism,Learn Blue Prism for RPA.,"RPA, Blue Prism"
Certifications,LinkedIn Learning Microsoft Power Automate Essential Training,Develop automation skills with Power Automate.,"RPA, Power Automate"
Certifications,"PMI, LinkedIn Learning Embracing an Agile Mindset at Work",Adopt Agile principles for efficiency.,"Agile, Project Management"
Certifications,"IIBA, LinkedIn Learning Agile Product Owner Role: Foundations",Understand the Agile Product Owner role.,"Agile, Product Owner"
Certifications,"PMI, LinkedIn Learning Agile Development Practices",Implement Agile development practices.,"Agile, Project Management"
Certifications,LinkedIn Learning The New Age of Risk Management Strategy for Business,Explore modern risk management strategies.,"Risk Management, Business Strategy"
Certifications,"NASBA, LinkedIn Learning What is Disciplined Agile?",Understand Disciplined Agile principles.,"Agile, Disciplined Agile"
Certifications,"PMI, LinkedIn Learning Project Management Foundations: Risk",Learn risk management in projects.,"Risk Management, Project Management"
Certifications,"PMI, LinkedIn Learning Microsoft Power Automate: Advanced Business Automation",Optimize business processes with Power Automate.,"RPA, Power Automate"
Certifications,LinkedIn Learning Introduction to Alteryx,Develop data analytics skills with Alteryx.,"Alteryx, Data Analytics"
Certifications,LinkedIn Learning UiPath Studio Essential Training,Understand automation with UiPath.,"UiPath, RPA"
Certifications,"NASBA, LinkedIn Learning Microsoft Power Automate: Business Process Flows",Optimize business processes with Power Automate.,"RPA, Power Automate"
Certifications,"NASBA, LinkedIn Learning Project Resource Management",Manage project resources effectively.,"Project Management, Resource Management"
Certifications,LinkedIn Learning Introduction to Risk Management,Understand risk management fundamentals.,"Risk Management, Project Management"
Certifications,"NASBA, LinkedIn Learning Finance Foundations: Risk Management",Apply risk management in finance.,"Risk Management, Finance"
Certifications,LinkedIn Learning Artificial Intelligence Foundations: Machine Learning,Learn machine learning fundamentals.,"AI, Machine Learning"
Certifications,LinkedIn Learning Introduction to Prompt Engineering for Generative AI,Learn prompt engineering for AI.,"AI, Prompt Engineering"
Certifications,LinkedIn Learning Prompt Engineering with ChatGPT,Craft prompts for ChatGPT effectively.,"AI, Prompt Engineering, ChatGPT"
Certifications,LinkedIn Learning Prompt Engineering: How to Talk to AIs,Communicate effectively with AI systems.,"AI, Prompt Engineering"
Certifications,LinkedIn Learning Learning XAI: Explainable Artificial Intelligence,Understand explainable AI principles.,"AI, Explainable AI, AI Ethics"
Certifications,"NASBA, LinkedIn Learning Ethics in the Age of Generative AI",Explore ethical challenges in AI.,"AI, AI Ethics"
Certifications,LinkedIn Learning Foundations of Responsible AI,Understand responsible AI principles.,"AI, AI Ethics"
